UID,MAIL,GIVENNAME,SN,USERPASSWORD,OUD_PREFERREDLANGUAGE,SUBADDRESSED_EMAIL
JANETBOUCHER,JANETBCHR@YAHOO.COM,Janet,Boucher,{SSHA512}hXCDWV1+SgnRlYfVX/Llr5NmnAvjoIi21slCwEfnJC6xONTBLcjOBpK1PjvTbZiatEuHpj1xpxteMBok9nmdDlZoL2nBKQSm,English-American,JANETBCHR+JANETBOUCHER@YAHOO.COM
JANET_BOUCHER,JANETBCHR@YAHOO.COM,Janet,Boucher,{SSHA512}hXCDWV1+SgnRlYfVX/Llr5NmnAvjoIi21slCwEfnJC6xONTBLcjOBpK1PjvTbZiatEuHpj1xpxteMBok9nmdDlZoL2nBKQSm,English-American,JANETBCHR+JANET_BOUCHER@YAHOO.COM
1000LEAF101,1000LEAF101@yahoo.COM,Junichi,Brower,{SSHA512}M53SaLlXVgDDqn4BIeIJYSLNdEJ3yLKyzC1PZ5Jq5iSOGiREscbi86vTh5bKFMBRyVf4/0Rl/uehxfFaHKAMGkYpmHE/J1ll,English-American,
1000LAKEG,1000Lake@GMAIL.COM,Adam,Abram,{SSHA512}Z2ypig9yYXI0GOuatmNej0G85B9/nsqGGNHdylRG4KC/YCTfieUO/kfr8mWqTTPyGrc5qjAD8wx13vEgfm0TMiUa9Lxp9K94,Spanish (Modern),
1000JOHN,1000JOHN@GMAIL.COM,john,castillo,{SSHA512}YMFmwLonY6vVGE+A8rEJ8LruSQoelswDxBccOOX49hU7rat+o4PianKAdNUAqnHENzI82bjLfHXgC9K6FVbXn3dK6+B+JDrc,English-American,
1000GRANDWINDSOR,1000GRAND@gmail.COM,Christine ,Goodman,{SSHA512}x845XNhHdYk6KDuztS1OdNxsyXjdcxFz/titkG+/x+vbfPm8uzaN4OlBlgVi56K7LngZmomeIg6PX+ZeydluPIxpGBFNmbNf,Spanish (Modern),
1000GRANDVIEW2,umc@apple.COM,Brooke,Smith,{SSHA512}YUKdZYw2kPraWOQeKUeJXFh8EAo781ltOOQGOOatsRS8wLUpa8mp4mwmSu2ytLUZCURxpyhSWZ8O99cSE3uGJW2pHT/GP0sz,English-American,
1000GRANDRETAIL,1000GRANDRETAIL@MINOLUSA.COM,The Amara,JIN,{SSHA512}wvbiEqgFX02MFz0FRHlaJ2srI2lgT0ks6FWnyREM4LAvSoqjEbyypnp25iHM0OYiqJBc3gMiPV+LWs1b57JlFgEidRnv0Np4,English-American,
1000GRANDLA,GMAIL@GMAIL.COM,Shan,Janec,{SSHA512}cSNzeojKW+WLZWIRuvQvo/G/qnP0zvSIrnO/czhmKv/ne9GdyDbyhBwo8/CxGlueCqxwEFSlipYbsPUPfe+lyP0p1wFnRh75,English-American,
1000GRAND330,Y@GMAIL.COM,YiAn,Heredia,{SSHA512}YNgFLJ4107h+BrTIvdO3vTzEP8HQ9is8KROPnN4JLZ2tQogOOEaLP8slhobvpY92lNDu60pafQiv35d4p4oNRQTGn0P9mix5,Spanish (Modern),
1000GRAND,Bob@MINOLUSA.COM,ONE THOUSAND,Jimenez,{SSHA512}XKRMZ1MA1V+I2ESTF8502qT2MDdQoKX0XF6L24iKTHetmP3Y5e1ie44LdDmOSotAZZOE+FMUQHZ/tFuFmpmZ++zLfS628Hv5,English-American,
1000GLENHAVEN,jbob@GMAIL.COM,Spring,Vitte,{SSHA512}hXCDWV1+SgnRlYfVX/Llr5NmnAvjoIi21slCwEfnJC6xONTBLcjOBpK1PjvTbZiatEuHpj1xpxteMBok9nmdDlZoL2nBKQSm,Spanish (Modern),
1000GABRIELA,kimbop@GMAIL.COM,Gabriela,Gubanov,{SSHA512}b/mAoMTKwJ30UTbiharAjxtDX9yZyQwJ4r2Uw1C20cX1XG9IoG856ueLoB53cvkPeEukfmp4NlZf7Vq2xBWOfU0yR2ySWg3V,English-American,
1000G0511,ceasar@GMAIL.COM,Xiang,Avina,{SSHA512}Vyvl/tziNc/7iT/UXiJs4CLvgwOynVJpqAIawxHQbrZ0sVSGESCT88K9OsWaLK8pGAFbWuUczNbpmYTniS17aM0CWSzY8X1T,English-American,
1000ERZAMEL,margo@GMAIL.COM,Isela,Johanson,{SSHA512}RA/XYK2L0rVRQKFnc7aaXFUFRwlnuioxWl8cXSILOI1hXkiV7AwL6q75PuvQecyFPeQ2vnYfd6aAf0O6ol7pEDsKrPey/GgI,English-American,
1000EDINBURGH,test@GMAIL.COM,ELIYAHU,Galindo,{SSHA512}i6hH/oM9A2CZ/kCAAfKYpqdSmCkZebVi07MDFhBt8UACoCgr9GGgRCLJ/R3/I35QDZmolJbidpgP/+1IkBI+Zl6uPt9/SbsQ,Spanish (Modern),
1000BUNDY,123@YAHOO.COM,Marie,Cabatuando,{SSHA512}mYNt6qwtFsQO69LZfW6ZGo6CR3NqSJxApGjdKxEXeL0i2tIqdUCZd6LeOhU9cDZjoWDksn/53cAFUL+HtsxncRVJHzd3br0e,English-American,
1000ANAHEIM,bobby@GMAIL.COM,Danny,Yu,{SSHA512}hXCDWV1+SgnRlYfVX/Llr5NmnAvjoIi21slCwEfnJC6xONTBLcjOBpK1PjvTbZiatEuHpj1xpxteMBok9nmdDlZoL2nBKQSm,Spanish (Modern),
100075766,mak@GMAIL.COM,MICHELLE,Rigattiei,{SSHA512}cm2j16jaBNIJd68RGjOg6RZguoPOY4WlloSckTQQedIaf7o3pEZxjCaCvL5AQqc1zitJqoQvWxv1vT7lxOzeRrtAMURiUWIa,English-American,
10005DWPB,susan@AOL.COM,Susan,Bernal Cera,{SSHA512}IGZGdKdCUYBl3udOdkEsJtovEfzDT+kfgOJG34AHdJk40sbIK3Z+vB325m8W0eQXzCOSl62XBtMLlr1I1kYtMJixSpr5cBSt,English-American,
10004WESTWANDA,apple@unilo.COM,Foroutan,Hernandez,{SSHA512}gVuwAKpQE9bd1dzc0PY0FYyjUUceUs0suSEss4SMY2sWKFyvGG0zaSHfJPWNPOpo8mqjxU5iHoQnBIZXkaSiIaspP/l1nvWI,English-American,
10004CORBIN,max@GMAIL.COM,Nabil Sadek and Bethel,Dumont,{SSHA512}hXCDWV1+SgnRlYfVX/Llr5NmnAvjoIi21slCwEfnJC6xONTBLcjOBpK1PjvTbZiatEuHpj1xpxteMBok9nmdDlZoL2nBKQSm,Spanish (Modern),
10003WASHINGTON,mac@gmail.COM,Jack,allen,{SSHA512}MtfAieoLEYHYLUj+JbyWjcECGTvJf/3GYeHWRiZlCgGg+Y3GpA43I5J6wuL8BrQ5oEWRta1XwLBxI/2J5VuZvfw5UjV6RuZD,English-American,
10002BARINGCROSS,super@GMAIL.COM,Irene,Jabagat,{SSHA512}adVfZ4/Gzo7Ma5vxVF+xbS4xiXH05CFg+Ew466AjsAbGw2p7lZIT2jW1CeDKWrLwWTIDiuIfvD+WEH0aLfct/dZrf1kwkVSx,Spanish (Modern),
10001OLEG,OLED@GMAIL.COM,OLEG,Alfaro,{SSHA512}PWbHq94tJnFYmBqpkf79K2ViSTs6L9q5D4KBh3g6A4njAgatqA3X1bd0TPy/UgK6W1ltEIOfrACBZdtqipGFgymxguZSLL25,Spanish (Modern),
